"SALE_ID","CUSTOMER_ID","STORE_ID","PRODUCT_ID","SALE_DATE","AMOUNT","QUANTITY","DISCOUNT"
206,7,3,3,"2025-01-27T00:00:00Z",5838,2,404
207,8,1,4,"2025-01-28T00:00:00Z",5132,3,189
208,9,2,1,"2025-01-29T00:00:00Z",9524,4,
209,10,3,2,"2025-01-30T00:00:00Z",7064,5,180
210,11,1,3,"2025-01-31T00:00:00Z",1788,1,421
211,12,2,4,"2025-02-01T00:00:00Z",3875,2,382
212,13,3,1,"2025-02-02T00:00:00Z",4301,3,
213,14,1,2,"2025-02-03T00:00:00Z",3787,4,373
214,15,2,3,"2025-02-04T00:00:00Z",8361,5,492
215,16,3,4,"2025-02-05T00:00:00Z",8983,1,465
216,17,1,1,"2025-02-06T00:00:00Z",1070,2,
217,18,2,2,"2025-02-07T00:00:00Z",1083,3,277
218,19,3,3,"2025-02-08T00:00:00Z",6513,4,155
219,20,1,4,"2025-02-09T00:00:00Z",3074,5,488
220,21,2,1,"2025-02-10T00:00:00Z",762,1,
221,22,3,2,"2025-02-11T00:00:00Z",6072,2,476
222,23,1,3,"2025-02-12T00:00:00Z",3420,3,55
223,24,2,4,"2025-02-13T00:00:00Z",4899,4,358
224,25,3,1,"2025-02-14T00:00:00Z",122,5,
225,26,1,2,"2025-02-15T00:00:00Z",9102,1,39
226,27,2,3,"2025-02-16T00:00:00Z",2726,2,442
227,28,3,4,"2025-02-17T00:00:00Z",5911,3,219
228,29,1,1,"2025-02-18T00:00:00Z",2479,4,
229,30,2,2,"2025-02-19T00:00:00Z",6601,5,460
230,31,3,3,"2025-02-20T00:00:00Z",6605,1,153
231,32,1,4,"2025-02-21T00:00:00Z",9051,2,43
232,33,2,1,"2025-02-22T00:00:00Z",6461,3,
233,34,3,2,"2025-02-23T00:00:00Z",2390,4,315
234,35,1,3,"2025-02-24T00:00:00Z",8615,5,284
235,36,2,4,"2025-02-25T00:00:00Z",3365,1,234
236,37,3,1,"2025-02-26T00:00:00Z",6518,2,
237,38,1,2,"2025-02-27T00:00:00Z",1043,3,282
238,39,2,3,"2025-02-28T00:00:00Z",8731,4,65
239,40,3,4,"2025-03-01T00:00:00Z",3239,5,151
240,41,1,1,"2025-03-02T00:00:00Z",7973,1,
241,42,2,2,"2025-03-03T00:00:00Z",8331,2,442
242,43,3,3,"2025-03-04T00:00:00Z",8416,3,152
243,44,1,4,"2025-03-05T00:00:00Z",8201,4,348
244,45,2,1,"2025-03-06T00:00:00Z",2607,5,
245,46,3,2,"2025-03-07T00:00:00Z",3340,1,138
246,47,1,3,"2025-03-08T00:00:00Z",2309,2,281
247,48,2,4,"2025-03-09T00:00:00Z",8484,3,380
248,49,3,1,"2025-03-10T00:00:00Z",3973,4,
249,50,1,2,"2025-03-11T00:00:00Z",4537,5,360
250,1,2,3,"2025-03-12T00:00:00Z",9381,1,270
251,2,3,4,"2025-03-13T00:00:00Z",6002,2,464
252,3,1,1,"2025-03-14T00:00:00Z",1710,3,
253,4,2,2,"2025-03-15T00:00:00Z",2881,4,398
254,5,3,3,"2025-03-16T00:00:00Z",7426,5,294
255,6,1,4,"2025-03-17T00:00:00Z",2725,1,438
256,7,2,1,"2025-03-18T00:00:00Z",306,2,
257,8,3,2,"2025-03-19T00:00:00Z",3825,3,281
258,9,1,3,"2025-03-20T00:00:00Z",6793,4,215
259,10,2,4,"2025-03-21T00:00:00Z",3159,5,49
260,11,3,1,"2025-03-22T00:00:00Z",9479,1,
261,12,1,2,"2025-03-23T00:00:00Z",7389,2,180
262,13,2,3,"2025-03-24T00:00:00Z",5497,3,123
263,14,3,4,"2025-03-25T00:00:00Z",3351,4,434
264,15,1,1,"2025-03-26T00:00:00Z",7874,5,
265,16,2,2,"2025-03-27T00:00:00Z",4738,1,311
266,17,3,3,"2025-03-28T00:00:00Z",9511,2,391
267,18,1,4,"2025-03-29T00:00:00Z",1800,3,297
268,19,2,1,"2025-03-30T00:00:00Z",6306,4,
269,20,3,2,"2025-03-31T00:00:00Z",1588,5,401
270,21,1,3,"2025-01-01T00:00:00Z",2813,1,303
271,22,2,4,"2025-01-02T00:00:00Z",891,2,272
272,23,3,1,"2025-01-03T00:00:00Z",4172,3,
273,24,1,2,"2025-01-04T00:00:00Z",1553,4,360
274,25,2,3,"2025-01-05T00:00:00Z",3184,5,105
275,26,3,4,"2025-01-06T00:00:00Z",2496,1,465
276,27,1,1,"2025-01-07T00:00:00Z",7482,2,
277,28,2,2,"2025-01-08T00:00:00Z",5752,3,159
278,29,3,3,"2025-01-09T00:00:00Z",5063,4,296
279,30,1,4,"2025-01-10T00:00:00Z",1106,5,469
280,31,2,1,"2025-01-11T00:00:00Z",6829,1,
281,32,3,2,"2025-01-12T00:00:00Z",523,2,403
282,33,1,3,"2025-01-13T00:00:00Z",3237,3,42
283,34,2,4,"2025-01-14T00:00:00Z",5466,4,65
284,35,3,1,"2025-01-15T00:00:00Z",682,5,
285,36,1,2,"2025-01-16T00:00:00Z",9648,1,170
286,37,2,3,"2025-01-17T00:00:00Z",2147,2,214
287,38,3,4,"2025-01-18T00:00:00Z",6762,3,155
288,39,1,1,"2025-01-19T00:00:00Z",9745,4,
289,40,2,2,"2025-01-20T00:00:00Z",6361,5,114
290,41,3,3,"2025-01-21T00:00:00Z",8313,1,233
291,42,1,4,"2025-01-22T00:00:00Z",7965,2,137
292,43,2,1,"2025-01-23T00:00:00Z",9315,3,
293,44,3,2,"2025-01-24T00:00:00Z",5927,4,242
294,45,1,3,"2025-01-25T00:00:00Z",9774,5,451
295,46,2,4,"2025-01-26T00:00:00Z",1773,1,150
296,47,3,1,"2025-01-27T00:00:00Z",610,2,
297,48,1,2,"2025-01-28T00:00:00Z",7195,3,445
298,49,2,3,"2025-01-29T00:00:00Z",4630,4,115
299,50,3,4,"2025-01-30T00:00:00Z",3949,5,472
300,1,1,1,"2025-01-31T00:00:00Z",2229,1,
301,2,2,2,"2025-02-01T00:00:00Z",3474,2,200
302,3,3,3,"2025-02-02T00:00:00Z",6602,3,32
303,4,1,4,"2025-02-03T00:00:00Z",8624,4,313
304,5,2,1,"2025-02-04T00:00:00Z",5666,5,
305,6,3,2,"2025-02-05T00:00:00Z",3932,1,307
306,7,1,3,"2025-02-06T00:00:00Z",1771,2,438
307,8,2,4,"2025-02-07T00:00:00Z",1491,3,292
308,9,3,1,"2025-02-08T00:00:00Z",364,4,
309,10,1,2,"2025-02-09T00:00:00Z",1069,5,382
310,11,2,3,"2025-02-10T00:00:00Z",5187,1,348
311,12,3,4,"2025-02-11T00:00:00Z",4167,2,332
312,13,1,1,"2025-02-12T00:00:00Z",9426,3,
313,14,2,2,"2025-02-13T00:00:00Z",9723,4,306
314,15,3,3,"2025-02-14T00:00:00Z",1251,5,137
315,16,1,4,"2025-02-15T00:00:00Z",101,1,263
316,17,2,1,"2025-02-16T00:00:00Z",1871,2,
317,18,3,2,"2025-02-17T00:00:00Z",7174,3,84
318,19,1,3,"2025-02-18T00:00:00Z",6342,4,17
319,20,2,4,"2025-02-19T00:00:00Z",6853,5,319
320,21,3,1,"2025-02-20T00:00:00Z",6800,1,
321,22,1,2,"2025-02-21T00:00:00Z",816,2,229
322,23,2,3,"2025-02-22T00:00:00Z",278,3,99
323,24,3,4,"2025-02-23T00:00:00Z",8666,4,59
324,25,1,1,"2025-02-24T00:00:00Z",4683,5,
325,26,2,2,"2025-02-25T00:00:00Z",6188,1,281
326,27,3,3,"2025-02-26T00:00:00Z",9267,2,141
327,28,1,4,"2025-02-27T00:00:00Z",562,3,287
328,29,2,1,"2025-02-28T00:00:00Z",4128,4,
329,30,3,2,"2025-03-01T00:00:00Z",3048,5,66
330,31,1,3,"2025-03-02T00:00:00Z",1649,1,187
331,32,2,4,"2025-03-03T00:00:00Z",5516,2,172
332,33,3,1,"2025-03-04T00:00:00Z",6034,3,
333,34,1,2,"2025-03-05T00:00:00Z",3935,4,95
334,35,2,3,"2025-03-06T00:00:00Z",2310,5,292
335,36,3,4,"2025-03-07T00:00:00Z",7708,1,104
336,37,1,1,"2025-03-08T00:00:00Z",4067,2,
337,38,2,2,"2025-03-09T00:00:00Z",2957,3,402
338,39,3,3,"2025-03-10T00:00:00Z",5556,4,114
339,40,1,4,"2025-03-11T00:00:00Z",327,5,32
340,41,2,1,"2025-03-12T00:00:00Z",2865,1,
341,42,3,2,"2025-03-13T00:00:00Z",6291,2,311
342,43,1,3,"2025-03-14T00:00:00Z",1616,3,23
343,44,2,4,"2025-03-15T00:00:00Z",2171,4,435
344,45,3,1,"2025-03-16T00:00:00Z",2465,5,
345,46,1,2,"2025-03-17T00:00:00Z",6536,1,344
346,47,2,3,"2025-03-18T00:00:00Z",6689,2,156
347,48,3,4,"2025-03-19T00:00:00Z",6345,3,174
348,49,1,1,"2025-03-20T00:00:00Z",846,4,
349,50,2,2,"2025-03-21T00:00:00Z",7006,5,481
350,1,3,3,"2025-03-22T00:00:00Z",6170,1,44
351,2,1,4,"2025-03-23T00:00:00Z",8062,2,451
352,3,2,1,"2025-03-24T00:00:00Z",6514,3,
353,4,3,2,"2025-03-25T00:00:00Z",2240,4,113
354,5,1,3,"2025-03-26T00:00:00Z",5864,5,85
355,6,2,4,"2025-03-27T00:00:00Z",9004,1,17
356,7,3,1,"2025-03-28T00:00:00Z",8295,2,
357,8,1,2,"2025-03-29T00:00:00Z",5796,3,486
358,9,2,3,"2025-03-30T00:00:00Z",5507,4,339
359,10,3,4,"2025-03-31T00:00:00Z",1871,5,284
360,11,1,1,"2025-01-01T00:00:00Z",3304,1,
361,12,2,2,"2025-01-02T00:00:00Z",3304,2,22
362,13,3,3,"2025-01-03T00:00:00Z",6037,3,107
363,14,1,4,"2025-01-04T00:00:00Z",228,4,140
364,15,2,1,"2025-01-05T00:00:00Z",6885,5,
365,16,3,2,"2025-01-06T00:00:00Z",8060,1,284
366,17,1,3,"2025-01-07T00:00:00Z",6545,2,238
367,18,2,4,"2025-01-08T00:00:00Z",1629,3,17
368,19,3,1,"2025-01-09T00:00:00Z",3645,4,
369,20,1,2,"2025-01-10T00:00:00Z",6080,5,231
370,21,2,3,"2025-01-11T00:00:00Z",8621,1,127
371,22,3,4,"2025-01-12T00:00:00Z",2626,2,432
372,23,1,1,"2025-01-13T00:00:00Z",7814,3,
373,24,2,2,"2025-01-14T00:00:00Z",5177,4,92
374,25,3,3,"2025-01-15T00:00:00Z",8551,5,394
375,26,1,4,"2025-01-16T00:00:00Z",8400,1,395
376,27,2,1,"2025-01-17T00:00:00Z",3289,2,
377,28,3,2,"2025-01-18T00:00:00Z",8620,3,120
378,29,1,3,"2025-01-19T00:00:00Z",6254,4,478
379,30,2,4,"2025-01-20T00:00:00Z",3661,5,341
380,31,3,1,"2025-01-21T00:00:00Z",8957,1,
381,32,1,2,"2025-01-22T00:00:00Z",9749,2,440
382,33,2,3,"2025-01-23T00:00:00Z",7574,3,308
383,34,3,4,"2025-01-24T00:00:00Z",4639,4,156
384,35,1,1,"2025-01-25T00:00:00Z",6854,5,
385,36,2,2,"2025-01-26T00:00:00Z",3714,1,302
386,37,3,3,"2025-01-27T00:00:00Z",5168,2,257
387,38,1,4,"2025-01-28T00:00:00Z",4704,3,347
388,39,2,1,"2025-01-29T00:00:00Z",8164,4,
389,40,3,2,"2025-01-30T00:00:00Z",2334,5,210
390,41,1,3,"2025-01-31T00:00:00Z",4567,1,349
391,42,2,4,"2025-02-01T00:00:00Z",7298,2,97
392,43,3,1,"2025-02-02T00:00:00Z",1170,3,
393,44,1,2,"2025-02-03T00:00:00Z",8642,4,199
394,45,2,3,"2025-02-04T00:00:00Z",5241,5,438
395,46,3,4,"2025-02-05T00:00:00Z",4955,1,160
396,47,1,1,"2025-02-06T00:00:00Z",7609,2,
397,48,2,2,"2025-02-07T00:00:00Z",9191,3,170
398,49,3,3,"2025-02-08T00:00:00Z",3671,4,73
399,50,1,4,"2025-02-09T00:00:00Z",8929,5,65
400,1,2,1,"2025-02-10T00:00:00Z",2201,1,
401,2,3,2,"2025-02-11T00:00:00Z",9104,2,88
402,3,1,3,"2025-02-12T00:00:00Z",9222,3,314
403,4,2,4,"2025-02-13T00:00:00Z",4630,4,153
404,5,3,1,"2025-02-14T00:00:00Z",261,5,
405,6,1,2,"2025-02-15T00:00:00Z",6359,1,276
406,7,2,3,"2025-02-16T00:00:00Z",6031,2,41
407,8,3,4,"2025-02-17T00:00:00Z",2008,3,389
408,9,1,1,"2025-02-18T00:00:00Z",5569,4,
409,10,2,2,"2025-02-19T00:00:00Z",9531,5,401
410,11,3,3,"2025-02-20T00:00:00Z",719,1,119
411,12,1,4,"2025-02-21T00:00:00Z",692,2,213
412,13,2,1,"2025-02-22T00:00:00Z",8497,3,
413,14,3,2,"2025-02-23T00:00:00Z",3748,4,40
414,15,1,3,"2025-02-24T00:00:00Z",3731,5,195
415,16,2,4,"2025-02-25T00:00:00Z",6286,1,31
416,17,3,1,"2025-02-26T00:00:00Z",4992,2,
417,18,1,2,"2025-02-27T00:00:00Z",4930,3,316
418,19,2,3,"2025-02-28T00:00:00Z",7185,4,194
419,20,3,4,"2025-03-01T00:00:00Z",8495,5,371
420,21,1,1,"2025-03-02T00:00:00Z",8475,1,
421,22,2,2,"2025-03-03T00:00:00Z",8666,2,374
422,23,3,3,"2025-03-04T00:00:00Z",7110,3,186
423,24,1,4,"2025-03-05T00:00:00Z",7222,4,357
424,25,2,1,"2025-03-06T00:00:00Z",9277,5,
425,26,3,2,"2025-03-07T00:00:00Z",5817,1,153
426,27,1,3,"2025-03-08T00:00:00Z",4316,2,227
427,28,2,4,"2025-03-09T00:00:00Z",1148,3,412
428,29,3,1,"2025-03-10T00:00:00Z",1494,4,
429,30,1,2,"2025-03-11T00:00:00Z",3920,5,390
430,31,2,3,"2025-03-12T00:00:00Z",9775,1,138
431,32,3,4,"2025-03-13T00:00:00Z",1831,2,294
432,33,1,1,"2025-03-14T00:00:00Z",2933,3,
433,34,2,2,"2025-03-15T00:00:00Z",7865,4,483
434,35,3,3,"2025-03-16T00:00:00Z",1232,5,473
435,36,1,4,"2025-03-17T00:00:00Z",9169,1,369
436,37,2,1,"2025-03-18T00:00:00Z",167,2,
437,38,3,2,"2025-03-19T00:00:00Z",3962,3,174
438,39,1,3,"2025-03-20T00:00:00Z",9109,4,38
439,40,2,4,"2025-03-21T00:00:00Z",5205,5,138
440,41,3,1,"2025-03-22T00:00:00Z",3188,1,
441,42,1,2,"2025-03-23T00:00:00Z",5232,2,387
442,43,2,3,"2025-03-24T00:00:00Z",1580,3,322
443,44,3,4,"2025-03-25T00:00:00Z",7095,4,144
444,45,1,1,"2025-03-26T00:00:00Z",8134,5,
445,46,2,2,"2025-03-27T00:00:00Z",1761,1,102
446,47,3,3,"2025-03-28T00:00:00Z",5223,2,15
447,48,1,4,"2025-03-29T00:00:00Z",8195,3,241
448,49,2,1,"2025-03-30T00:00:00Z",7507,4,
449,50,3,2,"2025-03-31T00:00:00Z",8018,5,154
450,1,1,3,"2025-01-01T00:00:00Z",6641,1,320
451,2,2,4,"2025-01-02T00:00:00Z",7032,2,481
452,3,3,1,"2025-01-03T00:00:00Z",8126,3,
453,4,1,2,"2025-01-04T00:00:00Z",6617,4,226
454,5,2,3,"2025-01-05T00:00:00Z",3724,5,64
455,6,3,4,"2025-01-06T00:00:00Z",517,1,420
456,7,1,1,"2025-01-07T00:00:00Z",6392,2,
457,8,2,2,"2025-01-08T00:00:00Z",8101,3,346
458,9,3,3,"2025-01-09T00:00:00Z",7574,4,316
459,10,1,4,"2025-01-10T00:00:00Z",5948,5,152
460,11,2,1,"2025-01-11T00:00:00Z",330,1,
461,12,3,2,"2025-01-12T00:00:00Z",4864,2,133
462,13,1,3,"2025-01-13T00:00:00Z",811,3,178
463,14,2,4,"2025-01-14T00:00:00Z",7690,4,404
464,15,3,1,"2025-01-15T00:00:00Z",7972,5,
465,16,1,2,"2025-01-16T00:00:00Z",7842,1,297
466,17,2,3,"2025-01-17T00:00:00Z",6967,2,361
467,18,3,4,"2025-01-18T00:00:00Z",362,3,337
468,19,1,1,"2025-01-19T00:00:00Z",323,4,
469,20,2,2,"2025-01-20T00:00:00Z",448,5,436
470,21,3,3,"2025-01-21T00:00:00Z",8701,1,95
471,22,1,4,"2025-01-22T00:00:00Z",7033,2,342
472,23,2,1,"2025-01-23T00:00:00Z",6316,3,
473,24,3,2,"2025-01-24T00:00:00Z",8137,4,493
474,25,1,3,"2025-01-25T00:00:00Z",2801,5,262
475,26,2,4,"2025-01-26T00:00:00Z",9608,1,288
476,27,3,1,"2025-01-27T00:00:00Z",7941,2,
477,28,1,2,"2025-01-28T00:00:00Z",7807,3,406
478,29,2,3,"2025-01-29T00:00:00Z",437,4,156
479,30,3,4,"2025-01-30T00:00:00Z",7255,5,412
480,31,1,1,"2025-01-31T00:00:00Z",1511,1,
481,32,2,2,"2025-02-01T00:00:00Z",707,2,238
482,33,3,3,"2025-02-02T00:00:00Z",4332,3,246
483,34,1,4,"2025-02-03T00:00:00Z",5506,4,257
484,35,2,1,"2025-02-04T00:00:00Z",3804,5,
485,36,3,2,"2025-02-05T00:00:00Z",4717,1,26
486,37,1,3,"2025-02-06T00:00:00Z",1407,2,48
487,38,2,4,"2025-02-07T00:00:00Z",7102,3,257
488,39,3,1,"2025-02-08T00:00:00Z",9823,4,
489,40,1,2,"2025-02-09T00:00:00Z",3928,5,222
490,41,2,3,"2025-02-10T00:00:00Z",2597,1,207
491,42,3,4,"2025-02-11T00:00:00Z",2840,2,155
492,43,1,1,"2025-02-12T00:00:00Z",9960,3,
493,44,2,2,"2025-02-13T00:00:00Z",2196,4,323
494,45,3,3,"2025-02-14T00:00:00Z",1433,5,277
495,46,1,4,"2025-02-15T00:00:00Z",6154,1,416
496,47,2,1,"2025-02-16T00:00:00Z",900,2,
497,48,3,2,"2025-02-17T00:00:00Z",3154,3,262
498,49,1,3,"2025-02-18T00:00:00Z",8598,4,53
499,50,2,4,"2025-02-19T00:00:00Z",1405,5,230
500,1,3,1,"2025-02-20T00:00:00Z",5222,1,
501,2,1,2,"2025-02-21T00:00:00Z",4222,2,193
502,3,2,3,"2025-02-22T00:00:00Z",5526,3,92
503,4,3,4,"2025-02-23T00:00:00Z",7144,4,382
504,5,1,1,"2025-02-24T00:00:00Z",8903,5,
505,6,2,2,"2025-02-25T00:00:00Z",6967,1,391
506,7,3,3,"2025-02-26T00:00:00Z",5019,2,180
507,8,1,4,"2025-02-27T00:00:00Z",9994,3,32
508,9,2,1,"2025-02-28T00:00:00Z",1893,4,
509,10,3,2,"2025-03-01T00:00:00Z",937,5,172
510,11,1,3,"2025-03-02T00:00:00Z",3019,1,468
511,12,2,4,"2025-03-03T00:00:00Z",4638,2,146
512,13,3,1,"2025-03-04T00:00:00Z",6104,3,
513,14,1,2,"2025-03-05T00:00:00Z",851,4,136
514,15,2,3,"2025-03-06T00:00:00Z",5674,5,429
515,16,3,4,"2025-03-07T00:00:00Z",280,1,124
516,17,1,1,"2025-03-08T00:00:00Z",5585,2,
517,18,2,2,"2025-03-09T00:00:00Z",1737,3,295
518,19,3,3,"2025-03-10T00:00:00Z",5988,4,71
519,20,1,4,"2025-03-11T00:00:00Z",8786,5,270
520,21,2,1,"2025-03-12T00:00:00Z",5578,1,
521,22,3,2,"2025-03-13T00:00:00Z",1529,2,16
522,23,1,3,"2025-03-14T00:00:00Z",2989,3,485
523,24,2,4,"2025-03-15T00:00:00Z",824,4,251
524,25,3,1,"2025-03-16T00:00:00Z",5632,5,
525,26,1,2,"2025-03-17T00:00:00Z",6413,1,98
526,27,2,3,"2025-03-18T00:00:00Z",7290,2,351
527,28,3,4,"2025-03-19T00:00:00Z",1676,3,194
528,29,1,1,"2025-03-20T00:00:00Z",2504,4,
529,30,2,2,"2025-03-21T00:00:00Z",9724,5,76
530,31,3,3,"2025-03-22T00:00:00Z",6972,1,112
531,32,1,4,"2025-03-23T00:00:00Z",7096,2,49
532,33,2,1,"2025-03-24T00:00:00Z",2782,3,
533,34,3,2,"2025-03-25T00:00:00Z",3973,4,393
534,35,1,3,"2025-03-26T00:00:00Z",7235,5,440
535,36,2,4,"2025-03-27T00:00:00Z",3486,1,247
536,37,3,1,"2025-03-28T00:00:00Z",8191,2,
537,38,1,2,"2025-03-29T00:00:00Z",6579,3,23
538,39,2,3,"2025-03-30T00:00:00Z",9013,4,80
539,40,3,4,"2025-03-31T00:00:00Z",658,5,242
540,41,1,1,"2025-01-01T00:00:00Z",644,1,
541,42,2,2,"2025-01-02T00:00:00Z",4092,2,396
542,43,3,3,"2025-01-03T00:00:00Z",4982,3,57
543,44,1,4,"2025-01-04T00:00:00Z",4615,4,173
544,45,2,1,"2025-01-05T00:00:00Z",7742,5,
545,46,3,2,"2025-01-06T00:00:00Z",4217,1,470
546,47,1,3,"2025-01-07T00:00:00Z",1064,2,495
547,48,2,4,"2025-01-08T00:00:00Z",3744,3,132
548,49,3,1,"2025-01-09T00:00:00Z",3794,4,
549,50,1,2,"2025-01-10T00:00:00Z",2958,5,341
550,1,2,3,"2025-01-11T00:00:00Z",4006,1,142
551,2,3,4,"2025-01-12T00:00:00Z",3178,2,144
552,3,1,1,"2025-01-13T00:00:00Z",310,3,
553,4,2,2,"2025-01-14T00:00:00Z",3606,4,390
554,5,3,3,"2025-01-15T00:00:00Z",7898,5,367
555,6,1,4,"2025-01-16T00:00:00Z",5248,1,235
556,7,2,1,"2025-01-17T00:00:00Z",7837,2,
557,8,3,2,"2025-01-18T00:00:00Z",2428,3,108
558,9,1,3,"2025-01-19T00:00:00Z",7535,4,286
559,10,2,4,"2025-01-20T00:00:00Z",1716,5,371
560,11,3,1,"2025-01-21T00:00:00Z",776,1,
561,12,1,2,"2025-01-22T00:00:00Z",5957,2,23
562,13,2,3,"2025-01-23T00:00:00Z",9799,3,70
563,14,3,4,"2025-01-24T00:00:00Z",289,4,190
564,15,1,1,"2025-01-25T00:00:00Z",3877,5,
565,16,2,2,"2025-01-26T00:00:00Z",1572,1,485
566,17,3,3,"2025-01-27T00:00:00Z",2574,2,319
567,18,1,4,"2025-01-28T00:00:00Z",1674,3,114
568,19,2,1,"2025-01-29T00:00:00Z",9239,4,
569,20,3,2,"2025-01-30T00:00:00Z",3447,5,95
570,21,1,3,"2025-01-31T00:00:00Z",1733,1,211
571,22,2,4,"2025-02-01T00:00:00Z",2560,2,423
572,23,3,1,"2025-02-02T00:00:00Z",1395,3,
573,24,1,2,"2025-02-03T00:00:00Z",3146,4,477
574,25,2,3,"2025-02-04T00:00:00Z",8788,5,349
575,26,3,4,"2025-02-05T00:00:00Z",5365,1,266
576,27,1,1,"2025-02-06T00:00:00Z",9785,2,
577,28,2,2,"2025-02-07T00:00:00Z",1109,3,418
578,29,3,3,"2025-02-08T00:00:00Z",680,4,480
579,30,1,4,"2025-02-09T00:00:00Z",2824,5,183
580,31,2,1,"2025-02-10T00:00:00Z",4172,1,
581,32,3,2,"2025-02-11T00:00:00Z",6973,2,384
582,33,1,3,"2025-02-12T00:00:00Z",6537,3,235
583,34,2,4,"2025-02-13T00:00:00Z",2506,4,143
584,35,3,1,"2025-02-14T00:00:00Z",9850,5,
585,36,1,2,"2025-02-15T00:00:00Z",9353,1,500
586,37,2,3,"2025-02-16T00:00:00Z",6542,2,430
587,38,3,4,"2025-02-17T00:00:00Z",6371,3,474
588,39,1,1,"2025-02-18T00:00:00Z",6492,4,
589,40,2,2,"2025-02-19T00:00:00Z",4532,5,301
590,41,3,3,"2025-02-20T00:00:00Z",6963,1,241
591,42,1,4,"2025-02-21T00:00:00Z",6913,2,473
592,43,2,1,"2025-02-22T00:00:00Z",2900,3,
593,44,3,2,"2025-02-23T00:00:00Z",5631,4,256
594,45,1,3,"2025-02-24T00:00:00Z",1099,5,69
595,46,2,4,"2025-02-25T00:00:00Z",2097,1,226
596,47,3,1,"2025-02-26T00:00:00Z",1172,2,
597,48,1,2,"2025-02-27T00:00:00Z",2517,3,305
598,49,2,3,"2025-02-28T00:00:00Z",515,4,428
599,50,3,4,"2025-03-01T00:00:00Z",9749,5,291
600,1,1,1,"2025-03-02T00:00:00Z",7997,1,
601,2,2,2,"2025-03-03T00:00:00Z",4232,2,224
602,3,3,3,"2025-03-04T00:00:00Z",4013,3,100
603,4,1,4,"2025-03-05T00:00:00Z",8437,4,393
604,5,2,1,"2025-03-06T00:00:00Z",1741,5,
605,6,3,2,"2025-03-07T00:00:00Z",5898,1,414
606,7,1,3,"2025-03-08T00:00:00Z",3435,2,490
607,8,2,4,"2025-03-09T00:00:00Z",1253,3,339
608,9,3,1,"2025-03-10T00:00:00Z",5771,4,
609,10,1,2,"2025-03-11T00:00:00Z",5264,5,12
610,11,2,3,"2025-03-12T00:00:00Z",2500,1,419
611,12,3,4,"2025-03-13T00:00:00Z",8568,2,261
612,13,1,1,"2025-03-14T00:00:00Z",8171,3,
613,14,2,2,"2025-03-15T00:00:00Z",9649,4,54
614,15,3,3,"2025-03-16T00:00:00Z",5722,5,249
615,16,1,4,"2025-03-17T00:00:00Z",8751,1,23
616,17,2,1,"2025-03-18T00:00:00Z",7900,2,
617,18,3,2,"2025-03-19T00:00:00Z",9744,3,120
618,19,1,3,"2025-03-20T00:00:00Z",6592,4,35
619,20,2,4,"2025-03-21T00:00:00Z",3887,5,30
620,21,3,1,"2025-03-22T00:00:00Z",6345,1,
621,22,1,2,"2025-03-23T00:00:00Z",4414,2,243
622,23,2,3,"2025-03-24T00:00:00Z",6403,3,144
623,24,3,4,"2025-03-25T00:00:00Z",7722,4,314
624,25,1,1,"2025-03-26T00:00:00Z",5428,5,
625,26,2,2,"2025-03-27T00:00:00Z",6229,1,388
626,27,3,3,"2025-03-28T00:00:00Z",6969,2,364
627,28,1,4,"2025-03-29T00:00:00Z",4501,3,182
628,29,2,1,"2025-03-30T00:00:00Z",872,4,
629,30,3,2,"2025-03-31T00:00:00Z",4635,5,282
630,31,1,3,"2025-01-01T00:00:00Z",6718,1,470
631,32,2,4,"2025-01-02T00:00:00Z",6669,2,189
632,33,3,1,"2025-01-03T00:00:00Z",9054,3,
633,34,1,2,"2025-01-04T00:00:00Z",3169,4,217
634,35,2,3,"2025-01-05T00:00:00Z",9714,5,410
635,36,3,4,"2025-01-06T00:00:00Z",154,1,413
636,37,1,1,"2025-01-07T00:00:00Z",6401,2,
637,38,2,2,"2025-01-08T00:00:00Z",2145,3,195
638,39,3,3,"2025-01-09T00:00:00Z",6142,4,281
639,40,1,4,"2025-01-10T00:00:00Z",1548,5,113
640,41,2,1,"2025-01-11T00:00:00Z",7976,1,
641,42,3,2,"2025-01-12T00:00:00Z",7765,2,432
642,43,1,3,"2025-01-13T00:00:00Z",3784,3,242
643,44,2,4,"2025-01-14T00:00:00Z",2918,4,259
644,45,3,1,"2025-01-15T00:00:00Z",6910,5,
645,46,1,2,"2025-01-16T00:00:00Z",5395,1,460
646,47,2,3,"2025-01-17T00:00:00Z",5694,2,173
647,48,3,4,"2025-01-18T00:00:00Z",5851,3,234
648,49,1,1,"2025-01-19T00:00:00Z",9143,4,
649,50,2,2,"2025-01-20T00:00:00Z",8886,5,20
650,1,3,3,"2025-01-21T00:00:00Z",9557,1,349
651,2,1,4,"2025-01-22T00:00:00Z",4682,2,305
652,3,2,1,"2025-01-23T00:00:00Z",2595,3,
653,4,3,2,"2025-01-24T00:00:00Z",4854,4,234
654,5,1,3,"2025-01-25T00:00:00Z",9112,5,488
655,6,2,4,"2025-01-26T00:00:00Z",9975,1,83
656,7,3,1,"2025-01-27T00:00:00Z",1795,2,
657,8,1,2,"2025-01-28T00:00:00Z",9195,3,453
658,9,2,3,"2025-01-29T00:00:00Z",5237,4,117
659,10,3,4,"2025-01-30T00:00:00Z",2208,5,231
660,11,1,1,"2025-01-31T00:00:00Z",9332,1,
661,12,2,2,"2025-02-01T00:00:00Z",8403,2,97
662,13,3,3,"2025-02-02T00:00:00Z",6309,3,107
663,14,1,4,"2025-02-03T00:00:00Z",2914,4,240
664,15,2,1,"2025-02-04T00:00:00Z",6456,5,
665,16,3,2,"2025-02-05T00:00:00Z",128,1,219
666,17,1,3,"2025-02-06T00:00:00Z",7324,2,448
667,18,2,4,"2025-02-07T00:00:00Z",8444,3,300
668,19,3,1,"2025-02-08T00:00:00Z",9001,4,
669,20,1,2,"2025-02-09T00:00:00Z",8422,5,114
670,21,2,3,"2025-02-10T00:00:00Z",8062,1,317
671,22,3,4,"2025-02-11T00:00:00Z",6710,2,356
672,23,1,1,"2025-02-12T00:00:00Z",7532,3,
673,24,2,2,"2025-02-13T00:00:00Z",8610,4,265
674,25,3,3,"2025-02-14T00:00:00Z",6492,5,110
675,26,1,4,"2025-02-15T00:00:00Z",4184,1,111
676,27,2,1,"2025-02-16T00:00:00Z",7561,2,
677,28,3,2,"2025-02-17T00:00:00Z",1403,3,17
678,29,1,3,"2025-02-18T00:00:00Z",2719,4,216
679,30,2,4,"2025-02-19T00:00:00Z",6377,5,275
680,31,3,1,"2025-02-20T00:00:00Z",950,1,
681,32,1,2,"2025-02-21T00:00:00Z",3126,2,218
682,33,2,3,"2025-02-22T00:00:00Z",3412,3,238
683,34,3,4,"2025-02-23T00:00:00Z",392,4,491
684,35,1,1,"2025-02-24T00:00:00Z",3794,5,
685,36,2,2,"2025-02-25T00:00:00Z",3079,1,256
686,37,3,3,"2025-02-26T00:00:00Z",8767,2,421
687,38,1,4,"2025-02-27T00:00:00Z",3671,3,488
688,39,2,1,"2025-02-28T00:00:00Z",5497,4,
689,40,3,2,"2025-03-01T00:00:00Z",5754,5,120
690,41,1,3,"2025-03-02T00:00:00Z",9698,1,46
691,42,2,4,"2025-03-03T00:00:00Z",9709,2,293
692,43,3,1,"2025-03-04T00:00:00Z",516,3,
693,44,1,2,"2025-03-05T00:00:00Z",5942,4,419
694,45,2,3,"2025-03-06T00:00:00Z",9525,5,214
695,46,3,4,"2025-03-07T00:00:00Z",4899,1,454
696,47,1,1,"2025-03-08T00:00:00Z",4283,2,
697,48,2,2,"2025-03-09T00:00:00Z",709,3,142
698,49,3,3,"2025-03-10T00:00:00Z",9791,4,83
699,50,1,4,"2025-03-11T00:00:00Z",264,5,124
700,1,2,1,"2025-03-12T00:00:00Z",3132,1,
701,2,3,2,"2025-03-13T00:00:00Z",2493,2,395
702,3,1,3,"2025-03-14T00:00:00Z",9996,3,485
703,4,2,4,"2025-03-15T00:00:00Z",2158,4,317
704,5,3,1,"2025-03-16T00:00:00Z",7006,5,
705,6,1,2,"2025-03-17T00:00:00Z",8825,1,314
706,7,2,3,"2025-03-18T00:00:00Z",7510,2,492
707,8,3,4,"2025-03-19T00:00:00Z",4372,3,364
708,9,1,1,"2025-03-20T00:00:00Z",2120,4,
709,10,2,2,"2025-03-21T00:00:00Z",9859,5,423
710,11,3,3,"2025-03-22T00:00:00Z",4670,1,120
711,12,1,4,"2025-03-23T00:00:00Z",3807,2,29
712,13,2,1,"2025-03-24T00:00:00Z",7243,3,
713,14,3,2,"2025-03-25T00:00:00Z",9104,4,128
714,15,1,3,"2025-03-26T00:00:00Z",8893,5,55
715,16,2,4,"2025-03-27T00:00:00Z",2595,1,182
716,17,3,1,"2025-03-28T00:00:00Z",4549,2,
717,18,1,2,"2025-03-29T00:00:00Z",5234,3,63
718,19,2,3,"2025-03-30T00:00:00Z",1529,4,305
719,20,3,4,"2025-03-31T00:00:00Z",7639,5,277
720,21,1,1,"2025-01-01T00:00:00Z",5443,1,
721,22,2,2,"2025-01-02T00:00:00Z",4383,2,302
722,23,3,3,"2025-01-03T00:00:00Z",7723,3,427
723,24,1,4,"2025-01-04T00:00:00Z",2075,4,397
724,25,2,1,"2025-01-05T00:00:00Z",5780,5,
725,26,3,2,"2025-01-06T00:00:00Z",2727,1,341
726,27,1,3,"2025-01-07T00:00:00Z",6238,2,241
727,28,2,4,"2025-01-08T00:00:00Z",7519,3,443
728,29,3,1,"2025-01-09T00:00:00Z",2928,4,
729,30,1,2,"2025-01-10T00:00:00Z",6483,5,18
730,31,2,3,"2025-01-11T00:00:00Z",8712,1,464
731,32,3,4,"2025-01-12T00:00:00Z",4799,2,105
732,33,1,1,"2025-01-13T00:00:00Z",3394,3,
733,34,2,2,"2025-01-14T00:00:00Z",476,4,182
734,35,3,3,"2025-01-15T00:00:00Z",4238,5,366
735,36,1,4,"2025-01-16T00:00:00Z",7379,1,423
736,37,2,1,"2025-01-17T00:00:00Z",4889,2,
737,38,3,2,"2025-01-18T00:00:00Z",3888,3,154
738,39,1,3,"2025-01-19T00:00:00Z",5281,4,433
739,40,2,4,"2025-01-20T00:00:00Z",3256,5,487
740,41,3,1,"2025-01-21T00:00:00Z",8394,1,
741,42,1,2,"2025-01-22T00:00:00Z",519,2,134
742,43,2,3,"2025-01-23T00:00:00Z",7999,3,324
743,44,3,4,"2025-01-24T00:00:00Z",7159,4,177
744,45,1,1,"2025-01-25T00:00:00Z",3862,5,
745,46,2,2,"2025-01-26T00:00:00Z",9906,1,388
746,47,3,3,"2025-01-27T00:00:00Z",3829,2,449
747,48,1,4,"2025-01-28T00:00:00Z",3751,3,166
748,49,2,1,"2025-01-29T00:00:00Z",4502,4,
749,50,3,2,"2025-01-30T00:00:00Z",5878,5,176
750,1,1,3,"2025-01-31T00:00:00Z",9358,1,402
751,2,2,4,"2025-02-01T00:00:00Z",8974,2,479
752,3,3,1,"2025-02-02T00:00:00Z",1675,3,
753,4,1,2,"2025-02-03T00:00:00Z",3376,4,310
754,5,2,3,"2025-02-04T00:00:00Z",3423,5,295
755,6,3,4,"2025-02-05T00:00:00Z",930,1,58
756,7,1,1,"2025-02-06T00:00:00Z",1382,2,
757,8,2,2,"2025-02-07T00:00:00Z",9940,3,301
758,9,3,3,"2025-02-08T00:00:00Z",3152,4,398
759,10,1,4,"2025-02-09T00:00:00Z",1450,5,51
760,11,2,1,"2025-02-10T00:00:00Z",2917,1,
761,12,3,2,"2025-02-11T00:00:00Z",7325,2,114
762,13,1,3,"2025-02-12T00:00:00Z",3131,3,238
763,14,2,4,"2025-02-13T00:00:00Z",9672,4,358
764,15,3,1,"2025-02-14T00:00:00Z",9354,5,
765,16,1,2,"2025-02-15T00:00:00Z",7232,1,371
766,17,2,3,"2025-02-16T00:00:00Z",1795,2,166
767,18,3,4,"2025-02-17T00:00:00Z",1889,3,215
768,19,1,1,"2025-02-18T00:00:00Z",1903,4,
769,20,2,2,"2025-02-19T00:00:00Z",1978,5,246
770,21,3,3,"2025-02-20T00:00:00Z",330,1,328
771,22,1,4,"2025-02-21T00:00:00Z",5902,2,95
772,23,2,1,"2025-02-22T00:00:00Z",6282,3,
773,24,3,2,"2025-02-23T00:00:00Z",3426,4,449
774,25,1,3,"2025-02-24T00:00:00Z",7716,5,356
775,26,2,4,"2025-02-25T00:00:00Z",9362,1,347
776,27,3,1,"2025-02-26T00:00:00Z",7844,2,
777,28,1,2,"2025-02-27T00:00:00Z",9096,3,236
778,29,2,3,"2025-02-28T00:00:00Z",1894,4,58
779,30,3,4,"2025-03-01T00:00:00Z",5354,5,378
780,31,1,1,"2025-03-02T00:00:00Z",583,1,
781,32,2,2,"2025-03-03T00:00:00Z",3126,2,326
782,33,3,3,"2025-03-04T00:00:00Z",7369,3,312
783,34,1,4,"2025-03-05T00:00:00Z",6979,4,172
784,35,2,1,"2025-03-06T00:00:00Z",6533,5,
785,36,3,2,"2025-03-07T00:00:00Z",7947,1,380
786,37,1,3,"2025-03-08T00:00:00Z",7666,2,144
787,38,2,4,"2025-03-09T00:00:00Z",5822,3,85
788,39,3,1,"2025-03-10T00:00:00Z",6472,4,
789,40,1,2,"2025-03-11T00:00:00Z",1883,5,246
790,41,2,3,"2025-03-12T00:00:00Z",4220,1,241
791,42,3,4,"2025-03-13T00:00:00Z",9788,2,36
792,43,1,1,"2025-03-14T00:00:00Z",4424,3,
793,44,2,2,"2025-03-15T00:00:00Z",1555,4,497
794,45,3,3,"2025-03-16T00:00:00Z",2548,5,439
795,46,1,4,"2025-03-17T00:00:00Z",1780,1,67
796,47,2,1,"2025-03-18T00:00:00Z",8208,2,
797,48,3,2,"2025-03-19T00:00:00Z",2752,3,462
798,49,1,3,"2025-03-20T00:00:00Z",3740,4,248
799,50,2,4,"2025-03-21T00:00:00Z",727,5,459
800,1,3,1,"2025-03-22T00:00:00Z",8084,1,
801,2,1,2,"2025-03-23T00:00:00Z",1840,2,183
802,3,2,3,"2025-03-24T00:00:00Z",3065,3,196
803,4,3,4,"2025-03-25T00:00:00Z",9287,4,200
804,5,1,1,"2025-03-26T00:00:00Z",6134,5,
805,6,2,2,"2025-03-27T00:00:00Z",4783,1,462
806,7,3,3,"2025-03-28T00:00:00Z",3571,2,67
807,8,1,4,"2025-03-29T00:00:00Z",1783,3,107
808,9,2,1,"2025-03-30T00:00:00Z",3872,4,
809,10,3,2,"2025-03-31T00:00:00Z",4445,5,125
810,11,1,3,"2025-01-01T00:00:00Z",5400,1,342
811,12,2,4,"2025-01-02T00:00:00Z",7478,2,155
812,13,3,1,"2025-01-03T00:00:00Z",1894,3,
813,14,1,2,"2025-01-04T00:00:00Z",8160,4,427
814,15,2,3,"2025-01-05T00:00:00Z",4414,5,482
815,16,3,4,"2025-01-06T00:00:00Z",2598,1,19
816,17,1,1,"2025-01-07T00:00:00Z",2862,2,
817,18,2,2,"2025-01-08T00:00:00Z",8197,3,344
818,19,3,3,"2025-01-09T00:00:00Z",892,4,379
819,20,1,4,"2025-01-10T00:00:00Z",5111,5,472
820,21,2,1,"2025-01-11T00:00:00Z",5632,1,
821,22,3,2,"2025-01-12T00:00:00Z",4156,2,404
822,23,1,3,"2025-01-13T00:00:00Z",910,3,231
823,24,2,4,"2025-01-14T00:00:00Z",9762,4,396
824,25,3,1,"2025-01-15T00:00:00Z",2701,5,
825,26,1,2,"2025-01-16T00:00:00Z",1728,1,228
826,27,2,3,"2025-01-17T00:00:00Z",2640,2,308
827,28,3,4,"2025-01-18T00:00:00Z",3576,3,184
828,29,1,1,"2025-01-19T00:00:00Z",9461,4,
829,30,2,2,"2025-01-20T00:00:00Z",6706,5,335
830,31,3,3,"2025-01-21T00:00:00Z",6710,1,440
831,32,1,4,"2025-01-22T00:00:00Z",7688,2,129
832,33,2,1,"2025-01-23T00:00:00Z",1471,3,
833,34,3,2,"2025-01-24T00:00:00Z",6097,4,165
834,35,1,3,"2025-01-25T00:00:00Z",6611,5,375
835,36,2,4,"2025-01-26T00:00:00Z",787,1,348
836,37,3,1,"2025-01-27T00:00:00Z",2345,2,
837,38,1,2,"2025-01-28T00:00:00Z",4340,3,154
838,39,2,3,"2025-01-29T00:00:00Z",6778,4,294
839,40,3,4,"2025-01-30T00:00:00Z",132,5,237
840,41,1,1,"2025-01-31T00:00:00Z",8916,1,
841,42,2,2,"2025-02-01T00:00:00Z",2190,2,168
842,43,3,3,"2025-02-02T00:00:00Z",9410,3,456
843,44,1,4,"2025-02-03T00:00:00Z",7442,4,225
844,45,2,1,"2025-02-04T00:00:00Z",4285,5,
845,46,3,2,"2025-02-05T00:00:00Z",2093,1,397
846,47,1,3,"2025-02-06T00:00:00Z",9092,2,461
847,48,2,4,"2025-02-07T00:00:00Z",6843,3,474
848,49,3,1,"2025-02-08T00:00:00Z",6984,4,
849,50,1,2,"2025-02-09T00:00:00Z",4527,5,168
850,1,2,3,"2025-02-10T00:00:00Z",8933,1,65
851,2,3,4,"2025-02-11T00:00:00Z",2674,2,116
852,3,1,1,"2025-02-12T00:00:00Z",1640,3,
853,4,2,2,"2025-02-13T00:00:00Z",8755,4,388
854,5,3,3,"2025-02-14T00:00:00Z",6816,5,208
855,6,1,4,"2025-02-15T00:00:00Z",903,1,469
856,7,2,1,"2025-02-16T00:00:00Z",7466,2,
857,8,3,2,"2025-02-17T00:00:00Z",4544,3,362
858,9,1,3,"2025-02-18T00:00:00Z",5041,4,285
859,10,2,4,"2025-02-19T00:00:00Z",6803,5,444
860,11,3,1,"2025-02-20T00:00:00Z",5812,1,
861,12,1,2,"2025-02-21T00:00:00Z",4113,2,62
862,13,2,3,"2025-02-22T00:00:00Z",3071,3,484
863,14,3,4,"2025-02-23T00:00:00Z",420,4,33
864,15,1,1,"2025-02-24T00:00:00Z",5301,5,
865,16,2,2,"2025-02-25T00:00:00Z",9980,1,306
866,17,3,3,"2025-02-26T00:00:00Z",4467,2,263
867,18,1,4,"2025-02-27T00:00:00Z",216,3,68
868,19,2,1,"2025-02-28T00:00:00Z",5448,4,
869,20,3,2,"2025-03-01T00:00:00Z",5581,5,447
870,21,1,3,"2025-03-02T00:00:00Z",7378,1,440
871,22,2,4,"2025-03-03T00:00:00Z",2417,2,289
872,23,3,1,"2025-03-04T00:00:00Z",6191,3,
873,24,1,2,"2025-03-05T00:00:00Z",4098,4,440
874,25,2,3,"2025-03-06T00:00:00Z",6572,5,103
875,26,3,4,"2025-03-07T00:00:00Z",1655,1,462
876,27,1,1,"2025-03-08T00:00:00Z",7658,2,
877,28,2,2,"2025-03-09T00:00:00Z",4725,3,399
878,29,3,3,"2025-03-10T00:00:00Z",5016,4,52
879,30,1,4,"2025-03-11T00:00:00Z",615,5,498
880,31,2,1,"2025-03-12T00:00:00Z",4208,1,
881,32,3,2,"2025-03-13T00:00:00Z",3610,2,470
882,33,1,3,"2025-03-14T00:00:00Z",6410,3,136
883,34,2,4,"2025-03-15T00:00:00Z",8226,4,302
884,35,3,1,"2025-03-16T00:00:00Z",3969,5,
885,36,1,2,"2025-03-17T00:00:00Z",7851,1,401
886,37,2,3,"2025-03-18T00:00:00Z",9449,2,321
887,38,3,4,"2025-03-19T00:00:00Z",8300,3,245
888,39,1,1,"2025-03-20T00:00:00Z",3331,4,
889,40,2,2,"2025-03-21T00:00:00Z",9538,5,43
890,41,3,3,"2025-03-22T00:00:00Z",1856,1,50
891,42,1,4,"2025-03-23T00:00:00Z",7661,2,123
892,43,2,1,"2025-03-24T00:00:00Z",5999,3,
893,44,3,2,"2025-03-25T00:00:00Z",2698,4,119
894,45,1,3,"2025-03-26T00:00:00Z",7339,5,255
895,46,2,4,"2025-03-27T00:00:00Z",8427,1,21
896,47,3,1,"2025-03-28T00:00:00Z",935,2,
897,48,1,2,"2025-03-29T00:00:00Z",6598,3,224
898,49,2,3,"2025-03-30T00:00:00Z",9321,4,189
899,50,3,4,"2025-03-31T00:00:00Z",674,5,97
900,1,1,1,"2025-01-01T00:00:00Z",8135,1,
901,2,2,2,"2025-01-02T00:00:00Z",7147,2,173
902,3,3,3,"2025-01-03T00:00:00Z",2756,3,18
903,4,1,4,"2025-01-04T00:00:00Z",3725,4,284
904,5,2,1,"2025-01-05T00:00:00Z",483,5,
905,6,3,2,"2025-01-06T00:00:00Z",7090,1,75
906,7,1,3,"2025-01-07T00:00:00Z",5217,2,64
907,8,2,4,"2025-01-08T00:00:00Z",9898,3,471
908,9,3,1,"2025-01-09T00:00:00Z",5526,4,
909,10,1,2,"2025-01-10T00:00:00Z",5625,5,366
910,11,2,3,"2025-01-11T00:00:00Z",6854,1,164
911,12,3,4,"2025-01-12T00:00:00Z",2252,2,82
912,13,1,1,"2025-01-13T00:00:00Z",8555,3,
913,14,2,2,"2025-01-14T00:00:00Z",7824,4,333
914,15,3,3,"2025-01-15T00:00:00Z",3488,5,244
915,16,1,4,"2025-01-16T00:00:00Z",430,1,168
916,17,2,1,"2025-01-17T00:00:00Z",1578,2,
917,18,3,2,"2025-01-18T00:00:00Z",8567,3,70
918,19,1,3,"2025-01-19T00:00:00Z",4519,4,275
919,20,2,4,"2025-01-20T00:00:00Z",8130,5,301
920,21,3,1,"2025-01-21T00:00:00Z",9706,1,
921,22,1,2,"2025-01-22T00:00:00Z",4398,2,371
922,23,2,3,"2025-01-23T00:00:00Z",1284,3,240
923,24,3,4,"2025-01-24T00:00:00Z",3700,4,65
924,25,1,1,"2025-01-25T00:00:00Z",3790,5,
925,26,2,2,"2025-01-26T00:00:00Z",2195,1,339
926,27,3,3,"2025-01-27T00:00:00Z",570,2,206
927,28,1,4,"2025-01-28T00:00:00Z",7516,3,386
928,29,2,1,"2025-01-29T00:00:00Z",9711,4,
929,30,3,2,"2025-01-30T00:00:00Z",6574,5,48
930,31,1,3,"2025-01-31T00:00:00Z",2281,1,421
931,32,2,4,"2025-02-01T00:00:00Z",8385,2,85
932,33,3,1,"2025-02-02T00:00:00Z",1971,3,
933,34,1,2,"2025-02-03T00:00:00Z",3715,4,299
934,35,2,3,"2025-02-04T00:00:00Z",1746,5,119
935,36,3,4,"2025-02-05T00:00:00Z",6848,1,248
936,37,1,1,"2025-02-06T00:00:00Z",2537,2,
937,38,2,2,"2025-02-07T00:00:00Z",9447,3,65
938,39,3,3,"2025-02-08T00:00:00Z",898,4,218
939,40,1,4,"2025-02-09T00:00:00Z",6811,5,337
940,41,2,1,"2025-02-10T00:00:00Z",375,1,
941,42,3,2,"2025-02-11T00:00:00Z",1000,2,400
942,43,1,3,"2025-02-12T00:00:00Z",6903,3,220
943,44,2,4,"2025-02-13T00:00:00Z",8200,4,452
944,45,3,1,"2025-02-14T00:00:00Z",1875,5,
945,46,1,2,"2025-02-15T00:00:00Z",4143,1,63
946,47,2,3,"2025-02-16T00:00:00Z",4534,2,347
947,48,3,4,"2025-02-17T00:00:00Z",4057,3,191
948,49,1,1,"2025-02-18T00:00:00Z",6965,4,
949,50,2,2,"2025-02-19T00:00:00Z",9593,5,304
950,1,3,3,"2025-02-20T00:00:00Z",7318,1,96
951,2,1,4,"2025-02-21T00:00:00Z",1932,2,77
952,3,2,1,"2025-02-22T00:00:00Z",6590,3,
953,4,3,2,"2025-02-23T00:00:00Z",4244,4,306
954,5,1,3,"2025-02-24T00:00:00Z",7188,5,161
955,6,2,4,"2025-02-25T00:00:00Z",2320,1,232
956,7,3,1,"2025-02-26T00:00:00Z",6391,2,
957,8,1,2,"2025-02-27T00:00:00Z",3564,3,360
958,9,2,3,"2025-02-28T00:00:00Z",4327,4,422
959,10,3,4,"2025-03-01T00:00:00Z",5659,5,332
960,11,1,1,"2025-03-02T00:00:00Z",921,1,
961,12,2,2,"2025-03-03T00:00:00Z",8968,2,70
962,13,3,3,"2025-03-04T00:00:00Z",273,3,130
963,14,1,4,"2025-03-05T00:00:00Z",2701,4,322
964,15,2,1,"2025-03-06T00:00:00Z",618,5,
965,16,3,2,"2025-03-07T00:00:00Z",9902,1,273
966,17,1,3,"2025-03-08T00:00:00Z",9158,2,324
967,18,2,4,"2025-03-09T00:00:00Z",944,3,488
968,19,3,1,"2025-03-10T00:00:00Z",1292,4,
969,20,1,2,"2025-03-11T00:00:00Z",3037,5,116
970,21,2,3,"2025-03-12T00:00:00Z",886,1,57
971,22,3,4,"2025-03-13T00:00:00Z",2795,2,374
972,23,1,1,"2025-03-14T00:00:00Z",4046,3,
973,24,2,2,"2025-03-15T00:00:00Z",290,4,79
974,25,3,3,"2025-03-16T00:00:00Z",738,5,92
975,26,1,4,"2025-03-17T00:00:00Z",6205,1,307
976,27,2,1,"2025-03-18T00:00:00Z",2559,2,
977,28,3,2,"2025-03-19T00:00:00Z",6737,3,62
978,29,1,3,"2025-03-20T00:00:00Z",7724,4,155
979,30,2,4,"2025-03-21T00:00:00Z",4965,5,358
980,31,3,1,"2025-03-22T00:00:00Z",2121,1,
981,32,1,2,"2025-03-23T00:00:00Z",8643,2,189
982,33,2,3,"2025-03-24T00:00:00Z",2364,3,96
983,34,3,4,"2025-03-25T00:00:00Z",6757,4,290
984,35,1,1,"2025-03-26T00:00:00Z",685,5,
985,36,2,2,"2025-03-27T00:00:00Z",6929,1,349
986,37,3,3,"2025-03-28T00:00:00Z",4338,2,265
987,38,1,4,"2025-03-29T00:00:00Z",6739,3,360
988,39,2,1,"2025-03-30T00:00:00Z",4519,4,
989,40,3,2,"2025-03-31T00:00:00Z",9874,5,94
990,41,1,3,"2025-01-01T00:00:00Z",2462,1,295
991,42,2,4,"2025-01-02T00:00:00Z",8006,2,82
992,43,3,1,"2025-01-03T00:00:00Z",732,3,
993,44,1,2,"2025-01-04T00:00:00Z",7411,4,316
994,45,2,3,"2025-01-05T00:00:00Z",4988,5,467
995,46,3,4,"2025-01-06T00:00:00Z",7454,1,413
996,47,1,1,"2025-01-07T00:00:00Z",2927,2,
997,48,2,2,"2025-01-08T00:00:00Z",370,3,317
998,49,3,3,"2025-01-09T00:00:00Z",8461,4,475
999,50,1,4,"2025-01-10T00:00:00Z",3479,5,181
1000,1,2,1,"2025-01-11T00:00:00Z",4771,1,
1,2,2,2,"2025-01-02T00:00:00Z",2911,2,449
2,3,3,3,"2025-01-03T00:00:00Z",6381,3,143
3,4,1,4,"2025-01-04T00:00:00Z",8238,4,338
4,5,2,1,"2025-01-05T00:00:00Z",5394,5,
5,6,3,2,"2025-01-06T00:00:00Z",3434,1,137
6,7,1,3,"2025-01-07T00:00:00Z",4292,2,442
7,8,2,4,"2025-01-08T00:00:00Z",524,3,357
8,9,3,1,"2025-01-09T00:00:00Z",2850,4,
9,10,1,2,"2025-01-10T00:00:00Z",9266,5,446
10,11,2,3,"2025-01-11T00:00:00Z",6015,1,229
11,12,3,4,"2025-01-12T00:00:00Z",7040,2,299
12,13,1,1,"2025-01-13T00:00:00Z",3175,3,
13,14,2,2,"2025-01-14T00:00:00Z",6753,4,335
14,15,3,3,"2025-01-15T00:00:00Z",9323,5,357
1,2,2,2,"2025-01-02T00:00:00Z",1976,2,363
2,3,3,3,"2025-01-03T00:00:00Z",9239,3,128
3,4,1,4,"2025-01-04T00:00:00Z",1807,4,44
4,5,2,1,"2025-01-05T00:00:00Z",1652,5,
5,6,3,2,"2025-01-06T00:00:00Z",7366,1,395
6,7,1,3,"2025-01-07T00:00:00Z",485,2,417
7,8,2,4,"2025-01-08T00:00:00Z",3594,3,66
8,9,3,1,"2025-01-09T00:00:00Z",7202,4,
9,10,1,2,"2025-01-10T00:00:00Z",4798,5,215
10,11,2,3,"2025-01-11T00:00:00Z",9979,1,376
11,12,3,4,"2025-01-12T00:00:00Z",5465,2,224
12,13,1,1,"2025-01-13T00:00:00Z",7329,3,
13,14,2,2,"2025-01-14T00:00:00Z",2917,4,444
14,15,3,3,"2025-01-15T00:00:00Z",3844,5,51
15,16,1,4,"2025-01-16T00:00:00Z",4818,1,173
16,17,2,1,"2025-01-17T00:00:00Z",3834,2,
17,18,3,2,"2025-01-18T00:00:00Z",159,3,260
18,19,1,3,"2025-01-19T00:00:00Z",537,4,384
19,20,2,4,"2025-01-20T00:00:00Z",8404,5,265
20,21,3,1,"2025-01-21T00:00:00Z",3263,1,
21,22,1,2,"2025-01-22T00:00:00Z",4170,2,198
22,23,2,3,"2025-01-23T00:00:00Z",5001,3,164
23,24,3,4,"2025-01-24T00:00:00Z",5605,4,470
24,25,1,1,"2025-01-25T00:00:00Z",3051,5,
25,26,2,2,"2025-01-26T00:00:00Z",7342,1,345
26,27,3,3,"2025-01-27T00:00:00Z",4053,2,329
27,28,1,4,"2025-01-28T00:00:00Z",422,3,112
28,29,2,1,"2025-01-29T00:00:00Z",1563,4,
29,30,3,2,"2025-01-30T00:00:00Z",3159,5,57
30,31,1,3,"2025-01-31T00:00:00Z",1716,1,85
31,32,2,4,"2025-02-01T00:00:00Z",1919,2,319
32,33,3,1,"2025-02-02T00:00:00Z",2795,3,
33,34,1,2,"2025-02-03T00:00:00Z",2056,4,135
34,35,2,3,"2025-02-04T00:00:00Z",6214,5,97
35,36,3,4,"2025-02-05T00:00:00Z",5842,1,108
36,37,1,1,"2025-02-06T00:00:00Z",5017,2,
37,38,2,2,"2025-02-07T00:00:00Z",6284,3,284
38,39,3,3,"2025-02-08T00:00:00Z",1577,4,384
39,40,1,4,"2025-02-09T00:00:00Z",5039,5,114
40,41,2,1,"2025-02-10T00:00:00Z",7901,1,
41,42,3,2,"2025-02-11T00:00:00Z",9745,2,469
42,43,1,3,"2025-02-12T00:00:00Z",555,3,144
43,44,2,4,"2025-02-13T00:00:00Z",1290,4,73
44,45,3,1,"2025-02-14T00:00:00Z",9353,5,
45,46,1,2,"2025-02-15T00:00:00Z",9193,1,297
46,47,2,3,"2025-02-16T00:00:00Z",2381,2,395
47,48,3,4,"2025-02-17T00:00:00Z",4356,3,275
48,49,1,1,"2025-02-18T00:00:00Z",1667,4,
49,50,2,2,"2025-02-19T00:00:00Z",6975,5,341
50,1,3,3,"2025-02-20T00:00:00Z",446,1,28
51,2,1,4,"2025-02-21T00:00:00Z",7786,2,469
52,3,2,1,"2025-02-22T00:00:00Z",5936,3,
53,4,3,2,"2025-02-23T00:00:00Z",9648,4,351
54,5,1,3,"2025-02-24T00:00:00Z",8120,5,99
55,6,2,4,"2025-02-25T00:00:00Z",5027,1,229
56,7,3,1,"2025-02-26T00:00:00Z",5006,2,
57,8,1,2,"2025-02-27T00:00:00Z",1900,3,310
58,9,2,3,"2025-02-28T00:00:00Z",4438,4,13
59,10,3,4,"2025-03-01T00:00:00Z",1526,5,105
60,11,1,1,"2025-03-02T00:00:00Z",5866,1,
61,12,2,2,"2025-03-03T00:00:00Z",2250,2,153
62,13,3,3,"2025-03-04T00:00:00Z",961,3,60
63,14,1,4,"2025-03-05T00:00:00Z",2243,4,256
64,15,2,1,"2025-03-06T00:00:00Z",9833,5,
65,16,3,2,"2025-03-07T00:00:00Z",6891,1,87
66,17,1,3,"2025-03-08T00:00:00Z",3434,2,144
67,18,2,4,"2025-03-09T00:00:00Z",8770,3,270
68,19,3,1,"2025-03-10T00:00:00Z",6645,4,
69,20,1,2,"2025-03-11T00:00:00Z",3421,5,52
70,21,2,3,"2025-03-12T00:00:00Z",3600,1,237
71,22,3,4,"2025-03-13T00:00:00Z",9092,2,303
72,23,1,1,"2025-03-14T00:00:00Z",1634,3,
73,24,2,2,"2025-03-15T00:00:00Z",4397,4,252
74,25,3,3,"2025-03-16T00:00:00Z",7714,5,158
75,26,1,4,"2025-03-17T00:00:00Z",7438,1,193
76,27,2,1,"2025-03-18T00:00:00Z",9259,2,
77,28,3,2,"2025-03-19T00:00:00Z",7326,3,218
78,29,1,3,"2025-03-20T00:00:00Z",3743,4,327
79,30,2,4,"2025-03-21T00:00:00Z",8348,5,130
80,31,3,1,"2025-03-22T00:00:00Z",7987,1,
81,32,1,2,"2025-03-23T00:00:00Z",8924,2,273
82,33,2,3,"2025-03-24T00:00:00Z",293,3,237
83,34,3,4,"2025-03-25T00:00:00Z",1042,4,464
84,35,1,1,"2025-03-26T00:00:00Z",2465,5,
85,36,2,2,"2025-03-27T00:00:00Z",5759,1,177
86,37,3,3,"2025-03-28T00:00:00Z",8434,2,418
87,38,1,4,"2025-03-29T00:00:00Z",5382,3,426
88,39,2,1,"2025-03-30T00:00:00Z",6487,4,
89,40,3,2,"2025-03-31T00:00:00Z",5247,5,28
90,41,1,3,"2025-01-01T00:00:00Z",1700,1,293
91,42,2,4,"2025-01-02T00:00:00Z",6901,2,182
92,43,3,1,"2025-01-03T00:00:00Z",5240,3,
93,44,1,2,"2025-01-04T00:00:00Z",436,4,235
94,45,2,3,"2025-01-05T00:00:00Z",372,5,474
95,46,3,4,"2025-01-06T00:00:00Z",9275,1,182
96,47,1,1,"2025-01-07T00:00:00Z",3396,2,
97,48,2,2,"2025-01-08T00:00:00Z",9913,3,295
98,49,3,3,"2025-01-09T00:00:00Z",805,4,386
99,50,1,4,"2025-01-10T00:00:00Z",785,5,344
100,1,2,1,"2025-01-11T00:00:00Z",7997,1,
101,2,3,2,"2025-01-12T00:00:00Z",1896,2,147
102,3,1,3,"2025-01-13T00:00:00Z",7052,3,245
103,4,2,4,"2025-01-14T00:00:00Z",9404,4,498
104,5,3,1,"2025-01-15T00:00:00Z",2745,5,
105,6,1,2,"2025-01-16T00:00:00Z",365,1,313
106,7,2,3,"2025-01-17T00:00:00Z",9478,2,138
107,8,3,4,"2025-01-18T00:00:00Z",4151,3,53
108,9,1,1,"2025-01-19T00:00:00Z",3150,4,
109,10,2,2,"2025-01-20T00:00:00Z",1200,5,363
110,11,3,3,"2025-01-21T00:00:00Z",1746,1,435
111,12,1,4,"2025-01-22T00:00:00Z",7081,2,414
112,13,2,1,"2025-01-23T00:00:00Z",8394,3,
113,14,3,2,"2025-01-24T00:00:00Z",4697,4,192
114,15,1,3,"2025-01-25T00:00:00Z",7972,5,52
115,16,2,4,"2025-01-26T00:00:00Z",5132,1,162
116,17,3,1,"2025-01-27T00:00:00Z",3453,2,
117,18,1,2,"2025-01-28T00:00:00Z",4168,3,266
118,19,2,3,"2025-01-29T00:00:00Z",6345,4,360
119,20,3,4,"2025-01-30T00:00:00Z",1375,5,180
120,21,1,1,"2025-01-31T00:00:00Z",9998,1,
121,22,2,2,"2025-02-01T00:00:00Z",9764,2,88
122,23,3,3,"2025-02-02T00:00:00Z",8469,3,360
123,24,1,4,"2025-02-03T00:00:00Z",9699,4,239
124,25,2,1,"2025-02-04T00:00:00Z",3021,5,
125,26,3,2,"2025-02-05T00:00:00Z",8703,1,66
126,27,1,3,"2025-02-06T00:00:00Z",2620,2,29
127,28,2,4,"2025-02-07T00:00:00Z",798,3,255
128,29,3,1,"2025-02-08T00:00:00Z",8597,4,
129,30,1,2,"2025-02-09T00:00:00Z",2943,5,449
130,31,2,3,"2025-02-10T00:00:00Z",6087,1,271
131,32,3,4,"2025-02-11T00:00:00Z",607,2,301
132,33,1,1,"2025-02-12T00:00:00Z",2751,3,
133,34,2,2,"2025-02-13T00:00:00Z",7901,4,16
134,35,3,3,"2025-02-14T00:00:00Z",8204,5,182
135,36,1,4,"2025-02-15T00:00:00Z",5239,1,450
136,37,2,1,"2025-02-16T00:00:00Z",7443,2,
137,38,3,2,"2025-02-17T00:00:00Z",7494,3,154
138,39,1,3,"2025-02-18T00:00:00Z",2683,4,199
139,40,2,4,"2025-02-19T00:00:00Z",2527,5,85
140,41,3,1,"2025-02-20T00:00:00Z",8266,1,
141,42,1,2,"2025-02-21T00:00:00Z",6922,2,320
142,43,2,3,"2025-02-22T00:00:00Z",1705,3,291
143,44,3,4,"2025-02-23T00:00:00Z",9390,4,55
144,45,1,1,"2025-02-24T00:00:00Z",5073,5,
145,46,2,2,"2025-02-25T00:00:00Z",4467,1,154
146,47,3,3,"2025-02-26T00:00:00Z",9452,2,400
147,48,1,4,"2025-02-27T00:00:00Z",2134,3,472
148,49,2,1,"2025-02-28T00:00:00Z",9450,4,
149,50,3,2,"2025-03-01T00:00:00Z",5779,5,120
150,1,1,3,"2025-03-02T00:00:00Z",9829,1,459
151,2,2,4,"2025-03-03T00:00:00Z",3662,2,411
152,3,3,1,"2025-03-04T00:00:00Z",3335,3,
153,4,1,2,"2025-03-05T00:00:00Z",6806,4,374
154,5,2,3,"2025-03-06T00:00:00Z",4609,5,361
155,6,3,4,"2025-03-07T00:00:00Z",7636,1,282
156,7,1,1,"2025-03-08T00:00:00Z",2617,2,
157,8,2,2,"2025-03-09T00:00:00Z",3657,3,210
158,9,3,3,"2025-03-10T00:00:00Z",8642,4,382
159,10,1,4,"2025-03-11T00:00:00Z",1405,5,20
160,11,2,1,"2025-03-12T00:00:00Z",8628,1,
161,12,3,2,"2025-03-13T00:00:00Z",8354,2,352
162,13,1,3,"2025-03-14T00:00:00Z",455,3,251
163,14,2,4,"2025-03-15T00:00:00Z",8883,4,114
164,15,3,1,"2025-03-16T00:00:00Z",5876,5,
165,16,1,2,"2025-03-17T00:00:00Z",2256,1,383
166,17,2,3,"2025-03-18T00:00:00Z",3021,2,55
167,18,3,4,"2025-03-19T00:00:00Z",1306,3,365
168,19,1,1,"2025-03-20T00:00:00Z",6670,4,
169,20,2,2,"2025-03-21T00:00:00Z",6580,5,49
170,21,3,3,"2025-03-22T00:00:00Z",7150,1,462
171,22,1,4,"2025-03-23T00:00:00Z",8979,2,147
172,23,2,1,"2025-03-24T00:00:00Z",4116,3,
173,24,3,2,"2025-03-25T00:00:00Z",4000,4,362
174,25,1,3,"2025-03-26T00:00:00Z",8302,5,156
175,26,2,4,"2025-03-27T00:00:00Z",5052,1,189
176,27,3,1,"2025-03-28T00:00:00Z",2088,2,
177,28,1,2,"2025-03-29T00:00:00Z",4319,3,483
178,29,2,3,"2025-03-30T00:00:00Z",6603,4,29
179,30,3,4,"2025-03-31T00:00:00Z",6441,5,490
180,31,1,1,"2025-01-01T00:00:00Z",753,1,
181,32,2,2,"2025-01-02T00:00:00Z",1198,2,106
182,33,3,3,"2025-01-03T00:00:00Z",5051,3,293
183,34,1,4,"2025-01-04T00:00:00Z",5846,4,315
184,35,2,1,"2025-01-05T00:00:00Z",7725,5,
185,36,3,2,"2025-01-06T00:00:00Z",8666,1,98
186,37,1,3,"2025-01-07T00:00:00Z",3864,2,214
187,38,2,4,"2025-01-08T00:00:00Z",6389,3,484
188,39,3,1,"2025-01-09T00:00:00Z",2890,4,
189,40,1,2,"2025-01-10T00:00:00Z",3117,5,80
190,41,2,3,"2025-01-11T00:00:00Z",1736,1,268
191,42,3,4,"2025-01-12T00:00:00Z",7411,2,348
